{
  "elements": [
    {
      "type": "button",
      "attributes": {
        "Margin-Left": 80,
        "Margin-Top": 5,
        "Height": 20,
        "Width": 50,
        "Click": "add_button_to_dom",
        "CornerRadius": 3
      },
      "PCDATA": "Click Me"
    },
    {
      "type": "h1",
      "attributes": {
        "Margin-Left": 80,
        "Margin-Top": 5,
        "Height": 20,
        "Margin-Right": 50,
        "Bold": true
      },
      "PCDATA": "Heading matter!"
    },
    {
      "type": "textarea",
      "attributes": {
        "Margin-Top": 5,
        "Height": 20,
        "Width": 50,
        "Placeholder": "Type your text here",
        "MaxChar": 50
      }
    }
  ],
  "sourceurl":"nothing"
}