{
  "type": "html",
  "attributes": null,
  "children": [
    {
      "type": "head",
      "attributes": null,
      "children": [
        {
          "type": "title",
          "attributes": {
            "PCDATA": "Hello!"
          },
          "children": null
        }
      ]
    },
    {
      "type": "body",
      "attributes": null,
      "children": [
        {
          "type": "button",
          "attributes": {
            "Margin-Left": "80",
            "Margin-Top": "5",
            "Height": "20",
            "Width": "50",
            "Click": "add_button_to_dom",
            "CornerRadius": "3",
            "PCDATA": "Click Me"
          },
          "children": null
        },
        {
          "type": "h1",
          "attributes": {
            "Margin-Left": "80",
            "Margin-Top": "5",
            "Height": "20",
            "Margin-Right": "50",
            "Bold": "true",
            "PCDATA": "Heading matter!"
          },
          "children": null
        },
        {
          "type": "textarea",
          "attributes": {
            "Margin-Top": "5",
            "Height": "20",
            "Width": "50",
            "Placeholder": "Type your text here",
            "MaxChar": "50"
          },
          "children": null
        }
      ]
    }
  ]
}